{
  "generated_at": "2026-04-25T11:43:28.050258",
  "contracts": [
    {
      "contract": "SHFE.rb2410",
      "initial_equity": 1000000.0,
      "final_equity": 980655.2781585348,
      "total_return": -19344.721841465216,
      "total_return_percent": -1.9344721841465216,
      "max_drawdown": 19144.721841465216,
      "max_drawdown_percent": 1.9144721841465218,
      "total_trades": 2639,
      "winning_trades": 287,
      "win_rate": 10.875331564986737,
      "equity_points_count": 28,
      "trade_records_count": 2639
    }
  ],
  "summary": {
    "total_contracts": 1,
    "combined_initial_equity": 1000000.0,
    "combined_final_equity": 980655.2781585348,
    "combined_return": -19344.721841465216,
    "combined_return_percent": -1.9344721841465216,
    "total_trades": 2639,
    "total_wins": 287,
    "overall_win_rate": 10.875331564986737,
    "max_drawdown_across_contracts": 1.9144721841465218
  }
}