{
  "generated_at": "2026-04-25T11:16:15.198920",
  "contracts": [
    {
      "contract": "SHFE.rb2410",
      "initial_equity": 1000000.0,
      "final_equity": 1006949.988132539,
      "total_return": 6949.988132538972,
      "total_return_percent": 0.6949988132538972,
      "max_drawdown": 6016.501626568846,
      "max_drawdown_percent": 0.5988423856185002,
      "total_trades": 4,
      "winning_trades": 1,
      "win_rate": 25.0,
      "equity_points_count": 100,
      "trade_records_count": 4
    },
    {
      "contract": "SHFE.hc2410",
      "initial_equity": 1000000.0,
      "final_equity": 1024012.4291811074,
      "total_return": 24012.429181107436,
      "total_return_percent": 2.4012429181107438,
      "max_drawdown": 5713.696563993581,
      "max_drawdown_percent": 0.5703082830218186,
      "total_trades": 2,
      "winning_trades": 1,
      "win_rate": 50.0,
      "equity_points_count": 80,
      "trade_records_count": 2
    },
    {
      "contract": "DCE.i2409",
      "initial_equity": 1000000.0,
      "final_equity": 1018143.5433162326,
      "total_return": 18143.543316232623,
      "total_return_percent": 1.8143543316232622,
      "max_drawdown": 4551.449907476548,
      "max_drawdown_percent": 0.4525873139949909,
      "total_trades": 4,
      "winning_trades": 1,
      "win_rate": 25.0,
      "equity_points_count": 100,
      "trade_records_count": 4
    }
  ],
  "summary": {
    "total_contracts": 3,
    "combined_initial_equity": 3000000.0,
    "combined_final_equity": 3049105.960629879,
    "combined_return": 49105.96062987903,
    "combined_return_percent": 1.6368653543293012,
    "total_trades": 10,
    "total_wins": 3,
    "overall_win_rate": 30.0,
    "max_drawdown_across_contracts": 0.5988423856185002
  }
}